"Time (s)","Distance (cm)"
3.097166671E-3,5.000000000E0
2.974695125E0,0.000000000E0
5.030493837E2,5.000000000E0