"Time (s)","Distance (cm)"
2.712625021E-3,5.000000000E0
6.719758335E-2,0.000000000E0
1.933260417E-1,5.000000000E0
1.944635625E0,0.000000000E0
4.988698550E2,5.000000000E0