"Time (s)","Distance (cm)"
3.219999984E-3,5.000000000E0
2.335588417E0,0.000000000E0
5.013957014E2,5.000000000E0