"Time (s)","Distance (cm)"
2.335208337E-3,5.000000000E0
1.397098208E0,0.000000000E0
4.997652049E2,5.000000000E0